[
  {
    "id": "69db9b51-583c-41f0-85f4-ac173058d08a",
    "data": [
      {
        "text": "oi",
        "userDefined": false
      }
    ],
    "isTemplate": false,
    "count": 0,
    "lang": "pt-br",
    "updated": 0
  },
  {
    "id": "3b24922e-a125-402a-ab10-190049a00987",
    "data": [
      {
        "text": "iniciar",
        "userDefined": false
      }
    ],
    "isTemplate": false,
    "count": 0,
    "lang": "pt-br",
    "updated": 0
  },
  {
    "id": "ea5cde53-0c1d-4601-9ee1-44bcf1b77459",
    "data": [
      {
        "text": "alo",
        "userDefined": false
      }
    ],
    "isTemplate": false,
    "count": 0,
    "lang": "pt-br",
    "updated": 0
  },
  {
    "id": "f7b1565f-c969-4b25-9c36-a68f31a91497",
    "data": [
      {
        "text": "hello",
        "userDefined": false
      }
    ],
    "isTemplate": false,
    "count": 0,
    "lang": "pt-br",
    "updated": 0
  },
  {
    "id": "d54c8a71-3119-41f5-84fb-f680d7dad560",
    "data": [
      {
        "text": "oie",
        "userDefined": false
      }
    ],
    "isTemplate": false,
    "count": 0,
    "lang": "pt-br",
    "updated": 0
  },
  {
    "id": "0d5b9ede-6c4c-4f63-8551-ce58d648fa24",
    "data": [
      {
        "text": "quero saber mais sobre o supermercado",
        "userDefined": false
      }
    ],
    "isTemplate": false,
    "count": 0,
    "lang": "pt-br",
    "updated": 0
  },
  {
    "id": "58b0b525-2b43-4da8-8dd2-8d95b43d28a7",
    "data": [
      {
        "text": "olá",
        "userDefined": false
      }
    ],
    "isTemplate": false,
    "count": 0,
    "lang": "pt-br",
    "updated": 0
  },
  {
    "id": "39a5e83d-cabb-4ae2-b9de-ce707c828f4b",
    "data": [
      {
        "text": "e aí",
        "userDefined": false
      }
    ],
    "isTemplate": false,
    "count": 0,
    "lang": "pt-br",
    "updated": 0
  },
  {
    "id": "436aebd6-95e9-40af-a40f-c0b08b459fb6",
    "data": [
      {
        "text": "diz alguma coisa",
        "userDefined": false
      }
    ],
    "isTemplate": false,
    "count": 1,
    "lang": "pt-br",
    "updated": 0
  },
  {
    "id": "68084abd-56f7-45d7-bfdb-3de393c168cc",
    "data": [
      {
        "text": "fala",
        "userDefined": false
      }
    ],
    "isTemplate": false,
    "count": 0,
    "lang": "pt-br",
    "updated": 0
  },
  {
    "id": "5100c7e6-1bf7-4a4c-8055-c85ff663fe32",
    "data": [
      {
        "text": "oi tudo bem",
        "userDefined": false
      }
    ],
    "isTemplate": false,
    "count": 0,
    "lang": "pt-br",
    "updated": 0
  },
  {
    "id": "eaafaa60-849d-435a-89de-010ea6e4aa0a",
    "data": [
      {
        "text": "diz ai",
        "userDefined": false
      }
    ],
    "isTemplate": false,
    "count": 0,
    "lang": "pt-br",
    "updated": 0
  },
  {
    "id": "5a9c88e5-897d-4512-b314-c04c87aab5cb",
    "data": [
      {
        "text": "fala aí",
        "userDefined": false
      }
    ],
    "isTemplate": false,
    "count": 0,
    "lang": "pt-br",
    "updated": 0
  },
  {
    "id": "4f358483-f0d4-40f2-8e79-8516e21a6a55",
    "data": [
      {
        "text": "opa",
        "userDefined": false
      }
    ],
    "isTemplate": false,
    "count": 0,
    "lang": "pt-br",
    "updated": 0
  },
  {
    "id": "aced74c5-339a-4453-85d4-170b9f6dc074",
    "data": [
      {
        "text": "fala alguma coisa",
        "userDefined": false
      }
    ],
    "isTemplate": false,
    "count": 0,
    "lang": "pt-br",
    "updated": 0
  },
  {
    "id": "4f4000e1-aa31-4782-9d64-780904249090",
    "data": [
      {
        "text": "tem alguém aí",
        "userDefined": false
      }
    ],
    "isTemplate": false,
    "count": 0,
    "lang": "pt-br",
    "updated": 0
  },
  {
    "id": "6d5b5034-7117-4e71-b48c-3b7090eeddde",
    "data": [
      {
        "text": "boa noite",
        "userDefined": false
      }
    ],
    "isTemplate": false,
    "count": 0,
    "lang": "pt-br",
    "updated": 0
  },
  {
    "id": "eadfe6e6-4d18-411d-b571-1940d22b15c8",
    "data": [
      {
        "text": "boa tarde",
        "userDefined": false
      }
    ],
    "isTemplate": false,
    "count": 0,
    "lang": "pt-br",
    "updated": 0
  },
  {
    "id": "3bf63f97-a9b9-42b9-9e97-6456dd08ea4c",
    "data": [
      {
        "text": "bom dia",
        "userDefined": false
      }
    ],
    "isTemplate": false,
    "count": 2,
    "lang": "pt-br",
    "updated": 0
  },
  {
    "id": "bf37bdd2-87fa-4c91-9310-9bdddc177f23",
    "data": [
      {
        "text": "oi oi oi",
        "userDefined": false
      }
    ],
    "isTemplate": false,
    "count": 0,
    "lang": "pt-br",
    "updated": 0
  }
]