[
  {
    "id": "3d2d2ace-b110-4647-8d6c-0ed8286c0bb2",
    "data": [
      {
        "text": "finalizar",
        "userDefined": false
      }
    ],
    "isTemplate": false,
    "count": 0,
    "lang": "pt-br",
    "updated": 0
  },
  {
    "id": "f96ec910-0193-4afc-872f-33efd9b17212",
    "data": [
      {
        "text": "nao quero mais nada",
        "userDefined": false
      }
    ],
    "isTemplate": false,
    "count": 0,
    "lang": "pt-br",
    "updated": 0
  },
  {
    "id": "7ca56a41-6623-44cc-a7c2-9a1655c887d6",
    "data": [
      {
        "text": "Acabar a conversa",
        "userDefined": false
      }
    ],
    "isTemplate": false,
    "count": 0,
    "lang": "pt-br",
    "updated": 0
  },
  {
    "id": "dcf5d23c-cd90-491f-9a8f-8c53b2e5fe49",
    "data": [
      {
        "text": "Tchau",
        "userDefined": false
      }
    ],
    "isTemplate": false,
    "count": 0,
    "lang": "pt-br",
    "updated": 0
  },
  {
    "id": "5f9ad81a-2f1b-49c4-8c5d-606a1f18a7c8",
    "data": [
      {
        "text": "Xau",
        "userDefined": false
      }
    ],
    "isTemplate": false,
    "count": 0,
    "lang": "pt-br",
    "updated": 0
  },
  {
    "id": "a8e67bc2-f69e-4bac-b9b6-fd6669a7b9a6",
    "data": [
      {
        "text": "Parar",
        "userDefined": false
      }
    ],
    "isTemplate": false,
    "count": 0,
    "lang": "pt-br",
    "updated": 0
  },
  {
    "id": "22f6d780-c96a-4ff6-85b4-7ab782ebfef4",
    "data": [
      {
        "text": "Sair",
        "userDefined": false
      }
    ],
    "isTemplate": false,
    "count": 0,
    "lang": "pt-br",
    "updated": 0
  },
  {
    "id": "c5359dfb-dc2b-4cef-b761-c9026d7feed3",
    "data": [
      {
        "text": "Cancelar",
        "userDefined": false
      }
    ],
    "isTemplate": false,
    "count": 0,
    "lang": "pt-br",
    "updated": 0
  }
]