[
  {
    "id": "751ba6a9-0c74-474e-be11-3e0216c341be",
    "data": [
      {
        "text": "Voltar as opções",
        "userDefined": false
      }
    ],
    "isTemplate": false,
    "count": 0,
    "lang": "pt-br",
    "updated": 0
  },
  {
    "id": "405f8530-f8ea-49e6-9830-4aed08f5ce73",
    "data": [
      {
        "text": "Mostrar opções do menu",
        "userDefined": false
      }
    ],
    "isTemplate": false,
    "count": 1,
    "lang": "pt-br",
    "updated": 0
  },
  {
    "id": "30b31c01-3d76-4914-9f5a-7fd78a1ac6f5",
    "data": [
      {
        "text": "Ver categorias disponíveis",
        "userDefined": false
      }
    ],
    "isTemplate": false,
    "count": 0,
    "lang": "pt-br",
    "updated": 0
  },
  {
    "id": "7218e349-9bdd-4761-abf8-1b5e87ec0d65",
    "data": [
      {
        "text": "Menu principal",
        "userDefined": false
      }
    ],
    "isTemplate": false,
    "count": 0,
    "lang": "pt-br",
    "updated": 0
  },
  {
    "id": "e1b51740-03fa-412f-bf29-7bbf194163ab",
    "data": [
      {
        "text": "Quais são as opções de menu?",
        "userDefined": false
      }
    ],
    "isTemplate": false,
    "count": 0,
    "lang": "pt-br",
    "updated": 0
  },
  {
    "id": "d54d9115-52b1-4ef8-8764-ef571d1fffd0",
    "data": [
      {
        "text": "explique o menu",
        "userDefined": false
      }
    ],
    "isTemplate": false,
    "count": 0,
    "lang": "pt-br",
    "updated": 0
  },
  {
    "id": "330e8ac0-7051-4e27-b930-4f6c28c83d17",
    "data": [
      {
        "text": "voltar",
        "userDefined": false
      }
    ],
    "isTemplate": false,
    "count": 0,
    "lang": "pt-br",
    "updated": 0
  },
  {
    "id": "e1b11de2-4f5f-4486-ab98-0436b37d56a4",
    "data": [
      {
        "text": "voltar para o menu",
        "userDefined": false
      }
    ],
    "isTemplate": false,
    "count": 0,
    "lang": "pt-br",
    "updated": 0
  },
  {
    "id": "f0a2aad9-5cdf-49e8-88c5-bb3f562403e0",
    "data": [
      {
        "text": "ver opções disponíveis",
        "userDefined": false
      }
    ],
    "isTemplate": false,
    "count": 0,
    "lang": "pt-br",
    "updated": 0
  },
  {
    "id": "89fbb980-220a-4a81-bb72-d0e7c9703758",
    "data": [
      {
        "text": "com certeza",
        "userDefined": false
      }
    ],
    "isTemplate": false,
    "count": 0,
    "lang": "pt-br",
    "updated": 0
  },
  {
    "id": "c1106db1-faa9-4267-b558-2c9b0b62061b",
    "data": [
      {
        "text": "claro",
        "userDefined": false
      }
    ],
    "isTemplate": false,
    "count": 0,
    "lang": "pt-br",
    "updated": 0
  },
  {
    "id": "d2d40fca-43aa-489b-97e8-952d4030ba25",
    "data": [
      {
        "text": "lista de opções",
        "userDefined": false
      }
    ],
    "isTemplate": false,
    "count": 0,
    "lang": "pt-br",
    "updated": 0
  },
  {
    "id": "f2413648-0f05-443e-a84a-2e552765e0fa",
    "data": [
      {
        "text": "quero",
        "userDefined": false
      }
    ],
    "isTemplate": false,
    "count": 0,
    "lang": "pt-br",
    "updated": 0
  },
  {
    "id": "242558b4-d6ed-4851-b7d7-c13025331e78",
    "data": [
      {
        "text": "Sim",
        "userDefined": false
      }
    ],
    "isTemplate": false,
    "count": 0,
    "lang": "pt-br",
    "updated": 0
  },
  {
    "id": "2b80e677-896b-45e0-acdf-816e0fa9f6cc",
    "data": [
      {
        "text": "menu principal",
        "userDefined": false
      }
    ],
    "isTemplate": false,
    "count": 0,
    "lang": "pt-br",
    "updated": 0
  },
  {
    "id": "fbda08a1-8ee2-4247-bbfd-48e0a7d1d7f7",
    "data": [
      {
        "text": "menu",
        "userDefined": false
      }
    ],
    "isTemplate": false,
    "count": 0,
    "lang": "pt-br",
    "updated": 0
  }
]