[
  {
    "id": "c4259f49-c208-45c0-a452-ccf380505fca",
    "data": [
      {
        "text": "Quero comprar uma maçã na ",
        "userDefined": false
      },
      {
        "text": "Av. Central",
        "meta": "@sys.any",
        "alias": "endereco",
        "userDefined": true
      }
    ],
    "isTemplate": false,
    "count": 0,
    "lang": "pt-br",
    "updated": 0
  },
  {
    "id": "6816092f-e28a-489d-a990-0689f3691abe",
    "data": [
      {
        "text": "Olá, meu nome é ",
        "userDefined": false
      },
      {
        "text": "Pedro",
        "meta": "@sys.any",
        "alias": "nome",
        "userDefined": true
      },
      {
        "text": " e quero uma melancia grande na ",
        "userDefined": false
      },
      {
        "text": "Rua dos Girassóis",
        "meta": "@sys.any",
        "alias": "endereco",
        "userDefined": true
      },
      {
        "text": ".",
        "userDefined": false
      }
    ],
    "isTemplate": false,
    "count": 0,
    "lang": "pt-br",
    "updated": 0
  },
  {
    "id": "049e1978-73ea-43c7-9095-68a61cf91bbd",
    "data": [
      {
        "text": "Me chamo ",
        "userDefined": false
      },
      {
        "text": "Maria",
        "meta": "@sys.any",
        "alias": "nome",
        "userDefined": true
      },
      {
        "text": " e preciso de uma alface fresca na ",
        "userDefined": false
      },
      {
        "text": "Avenida Principal.",
        "meta": "@sys.any",
        "alias": "endereco",
        "userDefined": true
      }
    ],
    "isTemplate": false,
    "count": 0,
    "lang": "pt-br",
    "updated": 0
  },
  {
    "id": "1990e81e-8797-4757-b821-6275de871a73",
    "data": [
      {
        "text": "Eu sou ",
        "userDefined": false
      },
      {
        "text": "João",
        "meta": "@sys.any",
        "alias": "nome",
        "userDefined": true
      },
      {
        "text": " e gostaria de comprar uma dúzia de ovos na ",
        "userDefined": false
      },
      {
        "text": "Rua das Flores",
        "meta": "@sys.any",
        "alias": "endereco",
        "userDefined": true
      }
    ],
    "isTemplate": false,
    "count": 0,
    "lang": "pt-br",
    "updated": 0
  },
  {
    "id": "e42791e5-3f95-4053-9787-7cf3e0719a89",
    "data": [
      {
        "text": "meu nome é ",
        "userDefined": false
      },
      {
        "text": "Antônio",
        "meta": "@sys.any",
        "alias": "nome",
        "userDefined": false
      },
      {
        "text": " e quero um tomate na ",
        "userDefined": false
      },
      {
        "text": "Av. Maria Reis",
        "meta": "@sys.any",
        "alias": "endereco",
        "userDefined": true
      }
    ],
    "isTemplate": false,
    "count": 0,
    "lang": "pt-br",
    "updated": 0
  },
  {
    "id": "e61c6c2c-7d1d-4517-a825-6ff9b3d6ffa2",
    "data": [
      {
        "text": "quero uma agua",
        "userDefined": false
      }
    ],
    "isTemplate": false,
    "count": 0,
    "lang": "pt-br",
    "updated": 0
  },
  {
    "id": "e2cda37c-182c-4e4f-a8af-fa2d59cc46ca",
    "data": [
      {
        "text": "minha casa fica na ",
        "userDefined": false
      },
      {
        "text": "rua José Coelho de Macedo",
        "meta": "@sys.any",
        "alias": "endereco",
        "userDefined": true
      }
    ],
    "isTemplate": false,
    "count": 0,
    "lang": "pt-br",
    "updated": 0
  },
  {
    "id": "8556aa59-ce1f-4bdd-8de4-23ca289a77d9",
    "data": [
      {
        "text": "meu nome é ",
        "userDefined": false
      },
      {
        "text": "Maria",
        "meta": "@sys.any",
        "alias": "nome",
        "userDefined": false
      },
      {
        "text": ", moro na ",
        "userDefined": false
      },
      {
        "text": "rua francisco modesto, 29",
        "meta": "@sys.any",
        "alias": "endereco",
        "userDefined": false
      },
      {
        "text": ". quero um botijão de gás",
        "userDefined": false
      }
    ],
    "isTemplate": false,
    "count": 0,
    "lang": "pt-br",
    "updated": 0
  },
  {
    "id": "bad1de2a-4d99-4d9c-bf6e-626a52309b5f",
    "data": [
      {
        "text": "meu nome é ",
        "userDefined": false
      },
      {
        "text": "josé",
        "meta": "@sys.any",
        "alias": "nome",
        "userDefined": true
      },
      {
        "text": " e quero 5 garrafas de agua",
        "userDefined": false
      }
    ],
    "isTemplate": false,
    "count": 0,
    "lang": "pt-br",
    "updated": 0
  },
  {
    "id": "6af0e091-c366-48f7-ae13-f3a6ccd5af2d",
    "data": [
      {
        "text": "Quero comprar uma mercadoria",
        "userDefined": false
      }
    ],
    "isTemplate": false,
    "count": 0,
    "lang": "pt-br",
    "updated": 0
  },
  {
    "id": "49e250f9-6e9c-4810-a0f4-892f55b8cb4c",
    "data": [
      {
        "text": "Andrey",
        "meta": "@atendentes",
        "alias": "atendente",
        "userDefined": false
      },
      {
        "text": " veja o meu pedido",
        "userDefined": false
      }
    ],
    "isTemplate": false,
    "count": 0,
    "lang": "pt-br",
    "updated": 0
  },
  {
    "id": "75a4a894-f56a-468e-852c-9c80611fea2a",
    "data": [
      {
        "text": "quero comprar com ",
        "userDefined": false
      },
      {
        "text": "Andrey",
        "meta": "@atendentes",
        "alias": "atendente",
        "userDefined": true
      }
    ],
    "isTemplate": false,
    "count": 0,
    "lang": "pt-br",
    "updated": 0
  },
  {
    "id": "380dbd19-3688-4fc8-a32b-be1ed35cbad3",
    "data": [
      {
        "text": "quero fazer um pedido com ",
        "userDefined": false
      },
      {
        "text": "Andrey",
        "meta": "@atendentes",
        "alias": "atendente",
        "userDefined": true
      }
    ],
    "isTemplate": false,
    "count": 0,
    "lang": "pt-br",
    "updated": 0
  },
  {
    "id": "7e4e6032-c913-4e2e-b94a-91dca9aa167c",
    "data": [
      {
        "text": "dois",
        "userDefined": false
      }
    ],
    "isTemplate": false,
    "count": 0,
    "lang": "pt-br",
    "updated": 0
  },
  {
    "id": "948a605d-605f-4116-8b89-2cfab0a32da1",
    "data": [
      {
        "text": "02",
        "userDefined": false
      }
    ],
    "isTemplate": false,
    "count": 0,
    "lang": "pt-br",
    "updated": 0
  },
  {
    "id": "ae43de85-3641-4f00-9194-1ee32d938c5a",
    "data": [
      {
        "text": "Gostaria de ter um produto",
        "userDefined": false
      }
    ],
    "isTemplate": false,
    "count": 0,
    "lang": "pt-br",
    "updated": 0
  },
  {
    "id": "c2a90423-dfee-4740-a816-913d64d19043",
    "data": [
      {
        "text": "segunda opção",
        "userDefined": false
      }
    ],
    "isTemplate": false,
    "count": 0,
    "lang": "pt-br",
    "updated": 0
  },
  {
    "id": "07fd0079-50ef-49e7-a9fb-3b1248069866",
    "data": [
      {
        "text": "segunda",
        "userDefined": false
      }
    ],
    "isTemplate": false,
    "count": 0,
    "lang": "pt-br",
    "updated": 0
  },
  {
    "id": "5cb81d23-eeca-4966-8254-0d5692650490",
    "data": [
      {
        "text": "Opção 2",
        "userDefined": false
      }
    ],
    "isTemplate": false,
    "count": 0,
    "lang": "pt-br",
    "updated": 0
  },
  {
    "id": "8dba628a-a519-4681-ad62-f0ee3b95dccd",
    "data": [
      {
        "text": "2",
        "userDefined": false
      }
    ],
    "isTemplate": false,
    "count": 0,
    "lang": "pt-br",
    "updated": 0
  },
  {
    "id": "a6a1e2db-0151-4c9e-acfe-1a47a18bb269",
    "data": [
      {
        "text": "Quero encomendar um pedido",
        "userDefined": false
      }
    ],
    "isTemplate": false,
    "count": 0,
    "lang": "pt-br",
    "updated": 0
  },
  {
    "id": "5e8b44c6-4b9a-4c27-9b57-ea1f7705bc12",
    "data": [
      {
        "text": "Gostaria de fazer um pedido",
        "userDefined": false
      }
    ],
    "isTemplate": false,
    "count": 0,
    "lang": "pt-br",
    "updated": 0
  },
  {
    "id": "5bfedc95-71c1-4bd1-bbdc-fb99c567db7a",
    "data": [
      {
        "text": "Fazer pedido",
        "userDefined": false
      }
    ],
    "isTemplate": false,
    "count": 0,
    "lang": "pt-br",
    "updated": 0
  },
  {
    "id": "6cf93071-97a2-4f08-a26b-34dcb63a7bc6",
    "data": [
      {
        "text": "Quero pedir",
        "userDefined": false
      }
    ],
    "isTemplate": false,
    "count": 0,
    "lang": "pt-br",
    "updated": 0
  }
]