[
  {
    "id": "61194add-51d2-4f0c-b22f-a0d9b948a032",
    "data": [
      {
        "text": "sexta-feira",
        "userDefined": false
      }
    ],
    "isTemplate": false,
    "count": 0,
    "lang": "pt-br",
    "updated": 0
  },
  {
    "id": "25aa09a9-7398-4643-86fc-30b45f855556",
    "data": [
      {
        "text": "quinta-feira",
        "userDefined": false
      }
    ],
    "isTemplate": false,
    "count": 0,
    "lang": "pt-br",
    "updated": 0
  },
  {
    "id": "48b0593b-4184-47f6-9758-adb7d0fadb04",
    "data": [
      {
        "text": "quarta-feira",
        "userDefined": false
      }
    ],
    "isTemplate": false,
    "count": 0,
    "lang": "pt-br",
    "updated": 0
  },
  {
    "id": "a4594b3a-5cd0-4654-b87a-c0f80ef5b20a",
    "data": [
      {
        "text": "terça-feira",
        "userDefined": false
      }
    ],
    "isTemplate": false,
    "count": 0,
    "lang": "pt-br",
    "updated": 0
  },
  {
    "id": "1d3e5285-c7d0-4cc6-a848-c9d09ace5582",
    "data": [
      {
        "text": "segunda-feira",
        "userDefined": false
      }
    ],
    "isTemplate": false,
    "count": 0,
    "lang": "pt-br",
    "updated": 0
  },
  {
    "id": "5e54024d-c1b6-4e26-87de-33d333baf7f2",
    "data": [
      {
        "text": "sábado",
        "userDefined": false
      }
    ],
    "isTemplate": false,
    "count": 0,
    "lang": "pt-br",
    "updated": 0
  },
  {
    "id": "1d48cd8b-7a77-4f9d-a3e5-173acd579c8d",
    "data": [
      {
        "text": "domingo",
        "userDefined": false
      }
    ],
    "isTemplate": false,
    "count": 0,
    "lang": "pt-br",
    "updated": 0
  },
  {
    "id": "61251c52-3281-4439-a5c6-b211a96c3599",
    "data": [
      {
        "text": "feriados",
        "userDefined": false
      }
    ],
    "isTemplate": false,
    "count": 0,
    "lang": "pt-br",
    "updated": 0
  },
  {
    "id": "d7447cce-a9a5-4ae2-8e8d-d7ba8aa12001",
    "data": [
      {
        "text": "final de semana",
        "userDefined": false
      }
    ],
    "isTemplate": false,
    "count": 0,
    "lang": "pt-br",
    "updated": 0
  },
  {
    "id": "79cdfa51-4476-4634-92c6-9e371302e673",
    "data": [
      {
        "text": "o supermercado fecha no horário do almoço?",
        "userDefined": false
      }
    ],
    "isTemplate": false,
    "count": 0,
    "lang": "pt-br",
    "updated": 0
  },
  {
    "id": "796317cd-8a89-4b88-be96-49ad6ec8f12b",
    "data": [
      {
        "text": "Fecha para o almoço?",
        "userDefined": false
      }
    ],
    "isTemplate": false,
    "count": 0,
    "lang": "pt-br",
    "updated": 0
  },
  {
    "id": "97dcc85d-4467-475b-b310-c4adbddb3dff",
    "data": [
      {
        "text": "opção três",
        "userDefined": false
      }
    ],
    "isTemplate": false,
    "count": 0,
    "lang": "pt-br",
    "updated": 0
  },
  {
    "id": "4f13bf17-5e4d-4187-89c1-969fa5b252c1",
    "data": [
      {
        "text": "terceiro",
        "userDefined": false
      }
    ],
    "isTemplate": false,
    "count": 0,
    "lang": "pt-br",
    "updated": 0
  },
  {
    "id": "36580bf3-03a2-49a5-88cc-2cf72cc0b18b",
    "data": [
      {
        "text": "três",
        "userDefined": false
      }
    ],
    "isTemplate": false,
    "count": 0,
    "lang": "pt-br",
    "updated": 0
  },
  {
    "id": "6016368c-a4bf-48a1-8ab5-60c47986bf97",
    "data": [
      {
        "text": "horário",
        "userDefined": false
      }
    ],
    "isTemplate": false,
    "count": 0,
    "lang": "pt-br",
    "updated": 0
  },
  {
    "id": "6599294d-fe64-40ba-8ebd-943abd206899",
    "data": [
      {
        "text": "Está aberto?",
        "userDefined": false
      }
    ],
    "isTemplate": false,
    "count": 0,
    "lang": "pt-br",
    "updated": 0
  },
  {
    "id": "9c88391e-0571-4ef8-a854-7adf8e8fcfd9",
    "data": [
      {
        "text": "3",
        "userDefined": false
      }
    ],
    "isTemplate": false,
    "count": 0,
    "lang": "pt-br",
    "updated": 0
  },
  {
    "id": "f28a615e-5606-440c-8269-eee9aef2f402",
    "data": [
      {
        "text": "Opção 3",
        "userDefined": false
      }
    ],
    "isTemplate": false,
    "count": 0,
    "lang": "pt-br",
    "updated": 0
  },
  {
    "id": "8c93e8bf-9966-4992-8a90-d12a46109320",
    "data": [
      {
        "text": "Qual horário a loja são Francisco abre?",
        "userDefined": false
      }
    ],
    "isTemplate": false,
    "count": 0,
    "lang": "pt-br",
    "updated": 0
  },
  {
    "id": "4de31f1c-ab85-4a20-ae6e-30288deeffa0",
    "data": [
      {
        "text": "horário comercial",
        "userDefined": false
      }
    ],
    "isTemplate": false,
    "count": 0,
    "lang": "pt-br",
    "updated": 0
  },
  {
    "id": "55ea5097-7861-4ead-9a46-46b88efb8124",
    "data": [
      {
        "text": "horário de trabalho",
        "userDefined": false
      }
    ],
    "isTemplate": false,
    "count": 0,
    "lang": "pt-br",
    "updated": 0
  },
  {
    "id": "db5d0bf1-113e-4d1b-947b-262e30229172",
    "data": [
      {
        "text": "horário de atendimento",
        "userDefined": false
      }
    ],
    "isTemplate": false,
    "count": 0,
    "lang": "pt-br",
    "updated": 0
  },
  {
    "id": "bd2738fc-6dea-4673-9ebd-e71f38eca706",
    "data": [
      {
        "text": "funciona que horas?",
        "userDefined": false
      }
    ],
    "isTemplate": false,
    "count": 0,
    "lang": "pt-br",
    "updated": 0
  },
  {
    "id": "1010d83a-3f6f-45fc-848a-5072f21a4b2b",
    "data": [
      {
        "text": "abre que horas?",
        "userDefined": false
      }
    ],
    "isTemplate": false,
    "count": 0,
    "lang": "pt-br",
    "updated": 0
  },
  {
    "id": "bf7b53f8-6711-4af1-911d-ccb237ce0562",
    "data": [
      {
        "text": "abre ",
        "userDefined": false
      },
      {
        "text": "hoje",
        "meta": "@sys.date-time",
        "alias": "date-time",
        "userDefined": false
      },
      {
        "text": "?",
        "userDefined": false
      }
    ],
    "isTemplate": false,
    "count": 0,
    "lang": "pt-br",
    "updated": 0
  },
  {
    "id": "2d2cf941-9edc-4c48-8980-533a923bb1a0",
    "data": [
      {
        "text": "hoje",
        "meta": "@sys.date-time",
        "alias": "date-time",
        "userDefined": false
      },
      {
        "text": " funciona",
        "userDefined": false
      }
    ],
    "isTemplate": false,
    "count": 0,
    "lang": "pt-br",
    "updated": 0
  },
  {
    "id": "8582650f-47a5-4d45-8781-bf1fa33dc63b",
    "data": [
      {
        "text": "que horas vocês atendem?",
        "userDefined": false
      }
    ],
    "isTemplate": false,
    "count": 0,
    "lang": "pt-br",
    "updated": 0
  },
  {
    "id": "c9e39160-1bf6-498f-ac7d-36531b2059d0",
    "data": [
      {
        "text": "horário de funcionamento",
        "userDefined": false
      }
    ],
    "isTemplate": false,
    "count": 0,
    "lang": "pt-br",
    "updated": 0
  },
  {
    "id": "9b554174-11e6-432f-86c8-90eec1d7da70",
    "data": [
      {
        "text": "vocês funcionam até que horas?",
        "userDefined": false
      }
    ],
    "isTemplate": false,
    "count": 0,
    "lang": "pt-br",
    "updated": 0
  },
  {
    "id": "2faccc70-0e69-47e7-8a1c-c78f590ac11c",
    "data": [
      {
        "text": "Preciso saber os horários de pico do supermercado durante a semana.",
        "userDefined": false
      }
    ],
    "isTemplate": false,
    "count": 0,
    "lang": "pt-br",
    "updated": 0
  },
  {
    "id": "7df86bb6-8937-4693-aa3b-567575bcc73e",
    "data": [
      {
        "text": "Quando o supermercado abre e fecha nos dias úteis?",
        "userDefined": false
      }
    ],
    "isTemplate": false,
    "count": 0,
    "lang": "pt-br",
    "updated": 0
  },
  {
    "id": "0ccb9744-cc4a-4cf5-a0a9-5bca44cb8f13",
    "data": [
      {
        "text": "Os feriados alteram o horário de funcionamento do supermercado?",
        "userDefined": false
      }
    ],
    "isTemplate": false,
    "count": 0,
    "lang": "pt-br",
    "updated": 0
  },
  {
    "id": "d4f6783b-d969-4174-94db-9a35e39ea82d",
    "data": [
      {
        "text": "Por favor, informe os horários de atendimento do supermercado aos sábados e domingos.",
        "userDefined": false
      }
    ],
    "isTemplate": false,
    "count": 0,
    "lang": "pt-br",
    "updated": 0
  },
  {
    "id": "78c26c20-f5ce-4267-989b-9dc9e7e43a35",
    "data": [
      {
        "text": "Gostaria de saber os horários em que o supermercado está aberto durante a semana.",
        "userDefined": false
      }
    ],
    "isTemplate": false,
    "count": 0,
    "lang": "pt-br",
    "updated": 0
  },
  {
    "id": "3877e30c-bdf1-46f9-ac1c-3a0b7d074d58",
    "data": [
      {
        "text": "Quais são os horários de abertura e fechamento do supermercado?",
        "userDefined": false
      }
    ],
    "isTemplate": false,
    "count": 0,
    "lang": "pt-br",
    "updated": 0
  }
]