[
  {
    "id": "02565573-55dd-44d7-96ea-9f638db67cee",
    "data": [
      {
        "text": "quarta opção",
        "userDefined": false
      }
    ],
    "isTemplate": false,
    "count": 1,
    "lang": "pt-br",
    "updated": 0
  },
  {
    "id": "3803f15e-4196-4347-aea2-b40949620471",
    "data": [
      {
        "text": "quatro",
        "userDefined": false
      }
    ],
    "isTemplate": false,
    "count": 0,
    "lang": "pt-br",
    "updated": 0
  },
  {
    "id": "7e243b19-ce75-4c87-a8c1-9d87b1bdded1",
    "data": [
      {
        "text": "Opção 4",
        "userDefined": false
      }
    ],
    "isTemplate": false,
    "count": 1,
    "lang": "pt-br",
    "updated": 0
  },
  {
    "id": "0dd216f3-9bdc-46b1-85a9-f803f2c7f5e0",
    "data": [
      {
        "text": "o supermercado fica perto do centro?",
        "userDefined": false
      }
    ],
    "isTemplate": false,
    "count": 0,
    "lang": "pt-br",
    "updated": 0
  },
  {
    "id": "f0453f01-2175-45f2-8950-15cda8a1557b",
    "data": [
      {
        "text": "o supermercado fica próximo ao centro de dormentes?",
        "userDefined": false
      }
    ],
    "isTemplate": false,
    "count": 0,
    "lang": "pt-br",
    "updated": 0
  },
  {
    "id": "f662818f-9477-4fc2-8723-1f7e3ed8d32e",
    "data": [
      {
        "text": "quero a localização",
        "userDefined": false
      }
    ],
    "isTemplate": false,
    "count": 1,
    "lang": "pt-br",
    "updated": 0
  },
  {
    "id": "3402dab2-249c-47ec-a3d0-dcbf57e69c7b",
    "data": [
      {
        "text": "onde fica o supermercado",
        "userDefined": false
      }
    ],
    "isTemplate": false,
    "count": 0,
    "lang": "pt-br",
    "updated": 0
  },
  {
    "id": "300db064-b84e-4ad0-90d6-2f7e8bb7800b",
    "data": [
      {
        "text": "em que local fica",
        "userDefined": false
      }
    ],
    "isTemplate": false,
    "count": 0,
    "lang": "pt-br",
    "updated": 0
  },
  {
    "id": "50a9c523-9333-4a8f-9a3d-53ca0e62845b",
    "data": [
      {
        "text": "onde você ficam",
        "userDefined": false
      }
    ],
    "isTemplate": false,
    "count": 1,
    "lang": "pt-br",
    "updated": 0
  },
  {
    "id": "79f2c640-1676-434b-a62c-33964756c138",
    "data": [
      {
        "text": "04",
        "userDefined": false
      }
    ],
    "isTemplate": false,
    "count": 0,
    "lang": "pt-br",
    "updated": 0
  },
  {
    "id": "e90fb9fa-e155-4e94-9f52-3437d2485a6e",
    "data": [
      {
        "text": "4",
        "userDefined": false
      }
    ],
    "isTemplate": false,
    "count": 0,
    "lang": "pt-br",
    "updated": 0
  },
  {
    "id": "4ace400d-2e34-459e-9f80-fc8a684cb8e8",
    "data": [
      {
        "text": "local",
        "userDefined": false
      }
    ],
    "isTemplate": false,
    "count": 1,
    "lang": "pt-br",
    "updated": 0
  },
  {
    "id": "6394d0b9-8454-4719-b7af-c979f9c045c0",
    "data": [
      {
        "text": "a empresa fica onde",
        "userDefined": false
      }
    ],
    "isTemplate": false,
    "count": 0,
    "lang": "pt-br",
    "updated": 0
  },
  {
    "id": "7c7855cf-bcfd-4503-91cb-cb8c927ab164",
    "data": [
      {
        "text": "qual o local da empresa",
        "userDefined": false
      }
    ],
    "isTemplate": false,
    "count": 0,
    "lang": "pt-br",
    "updated": 0
  },
  {
    "id": "563618bc-e5f8-4a4e-957c-08edfcd0900d",
    "data": [
      {
        "text": "Localização",
        "userDefined": false
      }
    ],
    "isTemplate": false,
    "count": 1,
    "lang": "pt-br",
    "updated": 0
  },
  {
    "id": "35f86b48-f6a5-41fa-8c7e-35292fb5f53b",
    "data": [
      {
        "text": "onde fica",
        "userDefined": false
      }
    ],
    "isTemplate": false,
    "count": 0,
    "lang": "pt-br",
    "updated": 0
  },
  {
    "id": "66b31471-0ad4-4555-a79c-3636ccafc03b",
    "data": [
      {
        "text": "onde fica o supermercado São Francisco",
        "userDefined": false
      }
    ],
    "isTemplate": false,
    "count": 0,
    "lang": "pt-br",
    "updated": 0
  },
  {
    "id": "976b8d69-5966-4415-ae51-49a7a31e4fe5",
    "data": [
      {
        "text": "qual a localização do supermercado",
        "userDefined": false
      }
    ],
    "isTemplate": false,
    "count": 0,
    "lang": "pt-br",
    "updated": 0
  },
  {
    "id": "2d4d52b2-e1a6-4d07-8832-c8df2bca255a",
    "data": [
      {
        "text": "qual a localização da loja",
        "userDefined": false
      }
    ],
    "isTemplate": false,
    "count": 1,
    "lang": "pt-br",
    "updated": 0
  },
  {
    "id": "ab472d46-f824-4166-8245-fce9a5abc623",
    "data": [
      {
        "text": "Como posso encontrar o Supermercado São Francisco usando um aplicativo de mapas?",
        "userDefined": false
      }
    ],
    "isTemplate": false,
    "count": 0,
    "lang": "pt-br",
    "updated": 0
  },
  {
    "id": "b7d8569c-e4cd-4e15-a971-c043054e4556",
    "data": [
      {
        "text": "Gostaria de confirmar se o Supermercado São Francisco fica na mesma rua que o banco local.",
        "userDefined": false
      }
    ],
    "isTemplate": false,
    "count": 0,
    "lang": "pt-br",
    "updated": 0
  },
  {
    "id": "3f61d627-aeee-4528-8cdc-b7d18df1ad56",
    "data": [
      {
        "text": "Estou procurando o Supermercado São Francisco. Você pode me indicar a direção?",
        "userDefined": false
      }
    ],
    "isTemplate": false,
    "count": 0,
    "lang": "pt-br",
    "updated": 0
  },
  {
    "id": "c8c16e38-fca9-44c5-97fc-34c839d48f05",
    "data": [
      {
        "text": "Como chego ao Supermercado São Francisco ?",
        "userDefined": false
      }
    ],
    "isTemplate": false,
    "count": 0,
    "lang": "pt-br",
    "updated": 0
  },
  {
    "id": "5ab64295-1abc-41e9-8bf8-109dc2f20131",
    "data": [
      {
        "text": "O Supermercado São Francisco está próximo daqui?",
        "userDefined": false
      }
    ],
    "isTemplate": false,
    "count": 0,
    "lang": "pt-br",
    "updated": 0
  },
  {
    "id": "76437289-9cb4-4cd1-ad90-e299d74c3dbc",
    "data": [
      {
        "text": "Como posso chegar ao supermercado mais próximo daqui?",
        "userDefined": false
      }
    ],
    "isTemplate": false,
    "count": 0,
    "lang": "pt-br",
    "updated": 0
  },
  {
    "id": "4a416c85-5fc9-465e-b905-9e4b0e8d58e3",
    "data": [
      {
        "text": "Onde fica o supermercado mais próximo?",
        "userDefined": false
      }
    ],
    "isTemplate": false,
    "count": 0,
    "lang": "pt-br",
    "updated": 0
  }
]