[
  {
    "id": "3aa31557-052d-4556-95fe-ddcc855f13ea",
    "data": [
      {
        "text": "quero fazer um pagamento de um boleto",
        "userDefined": false
      }
    ],
    "isTemplate": false,
    "count": 0,
    "lang": "pt-br",
    "updated": 0
  },
  {
    "id": "71d2653b-d5c4-4ffe-b5c4-950235f6c922",
    "data": [
      {
        "text": "quinta opção",
        "userDefined": false
      }
    ],
    "isTemplate": false,
    "count": 0,
    "lang": "pt-br",
    "updated": 0
  },
  {
    "id": "91b11dd7-c397-4631-bd14-5135f3f9f67f",
    "data": [
      {
        "text": "5",
        "userDefined": false
      }
    ],
    "isTemplate": false,
    "count": 0,
    "lang": "pt-br",
    "updated": 0
  },
  {
    "id": "d8c5c298-8dae-498a-9cb7-8c7dba4901de",
    "data": [
      {
        "text": "opção 05",
        "userDefined": false
      }
    ],
    "isTemplate": false,
    "count": 0,
    "lang": "pt-br",
    "updated": 0
  },
  {
    "id": "ebe160c4-2ecb-4cf9-a709-02bb0022020d",
    "data": [
      {
        "text": "05",
        "userDefined": false
      }
    ],
    "isTemplate": false,
    "count": 0,
    "lang": "pt-br",
    "updated": 0
  },
  {
    "id": "878ceb60-2960-4103-94da-e0b231d40fc5",
    "data": [
      {
        "text": "estou enviando o comprovante de pagamento",
        "userDefined": false
      }
    ],
    "isTemplate": false,
    "count": 0,
    "lang": "pt-br",
    "updated": 0
  },
  {
    "id": "ab65e879-d54e-458e-a11c-ab43dc26ebb1",
    "data": [
      {
        "text": "Preciso resolver uma coisa com a loja",
        "userDefined": false
      }
    ],
    "isTemplate": false,
    "count": 0,
    "lang": "pt-br",
    "updated": 0
  },
  {
    "id": "e99cac45-84fc-4191-913f-c7d52204c282",
    "data": [
      {
        "text": "Aqui está meu currículo",
        "userDefined": false
      }
    ],
    "isTemplate": false,
    "count": 0,
    "lang": "pt-br",
    "updated": 0
  },
  {
    "id": "8c0c3501-6d09-4dfd-a9d8-7e205bcf608d",
    "data": [
      {
        "text": "Tem vaga de emprego?",
        "userDefined": false
      }
    ],
    "isTemplate": false,
    "count": 0,
    "lang": "pt-br",
    "updated": 0
  },
  {
    "id": "695c0d82-c340-4a07-a2c4-d8b80b51cc41",
    "data": [
      {
        "text": "Preciso falar com o gestor financeiro",
        "userDefined": false
      }
    ],
    "isTemplate": false,
    "count": 0,
    "lang": "pt-br",
    "updated": 0
  },
  {
    "id": "52b66f35-6e29-40a2-9158-51dbea76251d",
    "data": [
      {
        "text": "Resolver pendências",
        "userDefined": false
      }
    ],
    "isTemplate": false,
    "count": 0,
    "lang": "pt-br",
    "updated": 0
  },
  {
    "id": "29b89ff3-414f-433b-904b-7be2bf9570f1",
    "data": [
      {
        "text": "recebe currículo?",
        "userDefined": false
      }
    ],
    "isTemplate": false,
    "count": 0,
    "lang": "pt-br",
    "updated": 0
  },
  {
    "id": "7e7acc2b-7ee1-4f6d-80e9-952d0be2d3f4",
    "data": [
      {
        "text": "Tem vaga para trabalhar ai?",
        "userDefined": false
      }
    ],
    "isTemplate": false,
    "count": 0,
    "lang": "pt-br",
    "updated": 0
  },
  {
    "id": "64464f00-fdbc-4822-951f-2806967f3a9c",
    "data": [
      {
        "text": "Trabalhar no supermercado",
        "userDefined": false
      }
    ],
    "isTemplate": false,
    "count": 0,
    "lang": "pt-br",
    "updated": 0
  },
  {
    "id": "e3dd61da-2a76-44b2-8d05-e0fe7307a8bc",
    "data": [
      {
        "text": "Procuro uma vaga de emprego",
        "userDefined": false
      }
    ],
    "isTemplate": false,
    "count": 0,
    "lang": "pt-br",
    "updated": 0
  },
  {
    "id": "eb80d6a0-f94c-4a47-afac-3f1db93519b4",
    "data": [
      {
        "text": "Quero resolver com o setor financeiro",
        "userDefined": false
      }
    ],
    "isTemplate": false,
    "count": 0,
    "lang": "pt-br",
    "updated": 0
  }
]