[
  {
    "value": "Devoluções",
    "synonyms": [
      "Devoluções",
      "1",
      "um"
    ]
  },
  {
    "value": "Fornecedores",
    "synonyms": [
      "Fornecedores",
      "2",
      "dois"
    ]
  },
  {
    "value": "Pagamentos",
    "synonyms": [
      "Pagamentos",
      "3",
      "três"
    ]
  },
  {
    "value": "Vagas de Emprego",
    "synonyms": [
      "Vagas de Emprego",
      "Vaga",
      "Vagas",
      "Emprego",
      "Trabalho",
      "Currículo",
      "4",
      "quatro",
      "Quatro"
    ]
  },
  {
    "value": "Outro assunto específico",
    "synonyms": [
      "Outro assunto específico",
      "Outros assuntos",
      "5",
      "Cinco",
      "Outro"
    ]
  }
]