[
  {
    "value": "Devoluções",
    "synonyms": [
      "Devoluções",
      "1",
      "Um",
      "Devolver mercadoria",
      "01"
    ]
  },
  {
    "value": "Fornecedores",
    "synonyms": [
      "2",
      "Fornecedores",
      "dois",
      "02"
    ]
  },
  {
    "value": "Pagamentos",
    "synonyms": [
      "Pagamentos",
      "3",
      "três",
      "03"
    ]
  },
  {
    "value": "Vagas de Emprego",
    "synonyms": [
      "Vagas de Emprego",
      "emprego",
      "vaga",
      "currículo",
      "4",
      "quatro",
      "Quatro",
      "04"
    ]
  },
  {
    "value": "Outro assunto específico",
    "synonyms": [
      "Outros assuntos",
      "5",
      "05",
      "cinco",
      "Cinco"
    ]
  }
]