[
  {
    "value": "Lucicleia",
    "synonyms": [
      "Lucicleia",
      "2 - Lucicleia",
      "dois",
      "2"
    ]
  },
  {
    "value": "Marilene",
    "synonyms": [
      "Marilene",
      "3- Marilene",
      "3",
      "três"
    ]
  },
  {
    "value": "Tamires",
    "synonyms": [
      "Tamires",
      "4 - Tamires",
      "4",
      "quatro"
    ]
  },
  {
    "value": "Wilian",
    "synonyms": [
      "Wilian",
      "6 - Wilian",
      "6",
      "seis"
    ]
  },
  {
    "value": "um dos nossos colaboradores",
    "synonyms": [
      "Um dos nossos colaboradores",
      "qualquer atendente",
      "qualquer um",
      "1 - Qualquer um",
      "1",
      "um"
    ]
  },
  {
    "value": "Vitória",
    "synonyms": [
      "Vitória",
      "5 - Vitória",
      "5"
    ]
  }
]